{"cameraMode":{"drawMode":0,"name":"Shaded","section":"Shading Mode"},"sceneLighting":true,"audioPlay":false,"sceneViewState":{"showFog":true,"showMaterialUpdate":true,"showSkybox":true,"showFlares":true,"showImageEffects":true,"showParticleSystems":true},"in2DMode":false,"pivot":{"x":-68.80723571777344,"y":6.052563667297363,"z":127.22176361083985},"rotation":{"x":-0.0006085052154958248,"y":-0.9931875467300415,"z":0.00477064261212945,"w":-0.11675744503736496},"size":9.075005531311036,"orthographic":false}